<?xml version="1.0" encoding="windows-1252" ?>
<!DOCTYPE ViewObject SYSTEM "jbo_03_01.dtd">
<!---->
<ViewObject
  xmlns="http://xmlns.oracle.com/bc4j"
  Name="seasonLovVO"
  Version="12.2.1.22.48"
  InheritPersonalization="merge"
  BindingStyle="OracleName"
  CustomQuery="true"
  RowClass="model.lov.seasonLovVORowImpl"
  ComponentClass="model.lov.seasonLovVOImpl"
  PageIterMode="Full">
  <DesignTime>
    <Attr Name="_codeGenFlag2" Value="Coll"/>
    <Attr Name="_isExpertMode" Value="true"/>
    <Attr Name="_isCodegen" Value="true"/>
  </DesignTime>
  <Properties>
    <SchemaBasedProperties>
      <LABEL
        ResId="model.lov.seasonLovVO_LABEL"/>
    </SchemaBasedProperties>
  </Properties>
  <Variable
    Name="SEASON_NAME"
    Kind="where"
    Type="java.lang.String"/>
  <SQLQuery><![CDATA[SELECT H.HEADER_ID,    
       h.POC_ID,    
       AR.CUSTOMER_NAME,    
       POCH.SEASON,    
       NVL (POCH.STYLE, H.STYLE) STYLE    
  FROM XX_LAB_FABRIC_TEST_H_T H,    
       MNJ_FILE_UPD_DWN L,    
       XX_OM_POC_H_T POCH,    
       AR_CUSTOMERS AR    
 WHERE     REPLACE (H.REPORT, '/', '-') = REPLACE (L.FILE_ID, '/', '-')    
       AND POCH.POC_ID = H.POC_ID    
       AND AR.CUSTOMER_ID = POCH.BUYER_ID    
       AND POCH.SEASON = :SEASON_NAME]]></SQLQuery>
  <ViewAttribute
    Name="HeaderId"
    IsPersistent="false"
    PrecisionRule="true"
    Type="java.math.BigDecimal"
    ColumnType="NUMBER"
    AliasName="HEADER_ID"
    Expression="HEADER_ID"
    SQLType="NUMERIC"/>
  <ViewAttribute
    Name="PocId"
    IsUpdateable="false"
    IsPersistent="false"
    PrecisionRule="true"
    Type="java.math.BigDecimal"
    ColumnType="NUMBER"
    AliasName="POC_ID"
    Expression="POC_ID"
    SQLType="NUMERIC"/>
  <ViewAttribute
    Name="CustomerName"
    IsUpdateable="false"
    IsPersistent="false"
    PrecisionRule="true"
    Precision="50"
    Type="java.lang.String"
    ColumnType="VARCHAR2"
    AliasName="CUSTOMER_NAME"
    Expression="CUSTOMER_NAME"
    SQLType="VARCHAR">
    <DesignTime>
      <Attr Name="_DisplaySize" Value="50"/>
    </DesignTime>
  </ViewAttribute>
  <ViewAttribute
    Name="Season"
    IsUpdateable="false"
    IsPersistent="false"
    PrecisionRule="true"
    Precision="30"
    Type="java.lang.String"
    ColumnType="VARCHAR2"
    AliasName="SEASON"
    Expression="SEASON"
    SQLType="VARCHAR">
    <DesignTime>
      <Attr Name="_DisplaySize" Value="30"/>
    </DesignTime>
  </ViewAttribute>
  <ViewAttribute
    Name="Style"
    IsUpdateable="false"
    IsPersistent="false"
    PrecisionRule="true"
    Precision="100"
    Type="java.lang.String"
    ColumnType="VARCHAR2"
    AliasName="STYLE"
    Expression="STYLE"
    SQLType="VARCHAR">
    <DesignTime>
      <Attr Name="_DisplaySize" Value="100"/>
    </DesignTime>
  </ViewAttribute>
  <ResourceBundle>
    <PropertiesBundle
      PropertiesFile="model.ModelBundle"/>
  </ResourceBundle>
</ViewObject>
